{
  "type": "minecraft:tree",
  "config": {
    "decorators": [
      {
        "type": "minecraft:beehive",
        "probability": 0.002
      }
    ],
    "dirt_provider": {
      "type": "minecraft:simple_state_provider",
      "state": {
        "Name": "minecraft:dirt"
      }
    },
    "foliage_placer": {
      "type": "minecraft:fancy_foliage_placer",
      "height": 4,
      "offset": 3,
      "radius": 2
    },
    "foliage_provider": {
      "type": "minecraft:weighted_state_provider",
      "entries": [
        {
         "weight": 5,
         "data": {
            "Name": "minecraft:birch_leaves"
        }
      },
      {
        "weight": 3,
        "data": {
          "Name": "minecraft:air"
          }
        }
     ]
    },
    "force_dirt": false,
    "ignore_vines": true,
    "minimum_size": {
      "type": "minecraft:two_layers_feature_size",
      "limit": 1,
      "lower_size": 2,
      "upper_size": 2
    },
    "sapling_provider": {
      "type": "minecraft:simple_state_provider",
      "state": {
        "Name": "minecraft:birch_sapling",
        "Properties": {
          "stage": "0"
        }
      }
 },
    "trunk_placer": {
      "type": "minecraft:fancy_trunk_placer",
      "base_height": 11,
      "branch_count": {
        "type": "minecraft:weighted_list",
        "distribution": [
          {
            "data": 1,
            "weight": 1
          },
          {
            "data": 2,
            "weight": 1
          },
          {
            "data": 3,
            "weight": 0
          }
        ]
      },
      "branch_end_offset_from_top": {
        "type": "minecraft:uniform",
        "value": {
          "max_inclusive": 0,
          "min_inclusive": -1
        }
      },
      "branch_horizontal_length": {
        "type": "minecraft:uniform",
        "value": {
          "max_inclusive": 2,
          "min_inclusive": 2
        }
      },
      "branch_start_offset_from_top": {
        "max_inclusive": -4,
        "min_inclusive": -14
      },
      "height_rand_a": 1,
      "height_rand_b": 0
    },
    "trunk_provider": {
      "type": "minecraft:simple_state_provider",
      "state": {
        "Name": "minecraft:birch_log",
        "Properties": {
          "axis": "y"
        }
      }
    }
  }
}