{
  "config": {
    "decorators": [
      {
        "provider": {
          "state": {
            "Properties": {
              "snowy": "false"
            },
            "Name": "minecraft:grass_block"
          },
          "type": "minecraft:simple_state_provider"
        },
        "type": "minecraft:alter_ground"
      }
    ],
    "ignore_vines": false,
    "force_dirt": false,
    "dirt_provider": {
      "state": {
        "Name": "minecraft:dirt"
      },
      "type": "minecraft:simple_state_provider"
    },
    "minimum_size": {
      "limit": 1,
      "lower_size": 1,
      "upper_size": 2,
      "type": "minecraft:two_layers_feature_size"
    },
    "foliage_provider": {
      "type": "minecraft:weighted_state_provider",
      "entries": [
        {
         "weight": 4,
         "data": {
            "Name": "minecraft:dark_oak_leaves"
        }
      },
      {
        "weight": 1,
        "data": {
          "Name": "minecraft:air"
          }
        }
     ]
    },
    "sapling_provider": {
      "state": {
        "Properties": {
          "stage": "0"
        },
        "Name": "minecraft:dark_oak_sapling"
      },
      "type": "minecraft:simple_state_provider"
    },
    "foliage_placer": {
      "radius": 1,
      "offset": 3,
      "crown_height": {
        "type": "minecraft:uniform",
        "value": {
          "min_inclusive": 19,
          "max_inclusive": 24
        }
      },
      "type": "minecraft:mega_pine_foliage_placer"
    },
    "trunk_provider": {
      "state": {
        "Properties": {
          "axis": "y"
        },
        "Name": "minecraft:dark_oak_log"
      },
      "type": "minecraft:simple_state_provider"
    },
    "trunk_placer": {
      "base_height": 26,
      "height_rand_a": 2,
      "height_rand_b": 6,
      "type": "minecraft:giant_trunk_placer"
    }
  },
  "type": "minecraft:tree"
}